Route,Name,Type,Status,OG Title,OG Description,OG Image,Twitter Title,Twitter Description,Twitter Image,Page Title,Meta Description
/,Homepage,page,✅ Success,Baldrick Boards - Professional LED Controller Boards,"Professional-grade controller boards for lighting displays, interactive installations, and automated shows. Baldrick8, Baldrick17, BaldrickSwitchy and more.",/assets/og-homepage-e8dc057d.jpg,Baldrick Boards - Professional LED Controller Boards,"Professional-grade controller boards for lighting displays, interactive installations, and automated shows. Baldrick8, Baldrick17, BaldrickSwitchy and more.",/assets/og-homepage-e8dc057d.jpg,Baldrick Boards - Controllers as Cunning as a Fox,"Professional-grade controller boards for lighting displays, interactive installations, and automated shows. Baldrick8, Baldrick17, BaldrickSwitchy and more."
/search-test,Search Test,page,✅ Success,Baldrick Boards - Professional LED Controller Boards,"Professional LED controller boards for holiday lighting displays. Baldrick8, Baldrick17, BaldrickSwitchy, and more.",/assets/og-default-e8dc057d.jpg,Baldrick Boards - Professional LED Controller Boards,"Professional LED controller boards for holiday lighting displays. Baldrick8, Baldrick17, BaldrickSwitchy, and more.",/assets/og-default-e8dc057d.jpg,Search Test - Baldrick Boards,"Professional LED controller boards for holiday lighting displays. Baldrick8, Baldrick17, BaldrickSwitchy, and more."
/faq,FAQ,page,✅ Success,Frequently Asked Questions - Baldrick Boards,"Find answers to the most commonly asked questions about Baldrick products, setup, troubleshooting, and more.",/assets/og-faq-e8dc057d.jpg,Frequently Asked Questions - Baldrick Boards,"Find answers to the most commonly asked questions about Baldrick products, setup, troubleshooting, and more.",/assets/og-faq-e8dc057d.jpg,Frequently Asked Questions,"Find answers to the most commonly asked questions about Baldrick products, setup, troubleshooting, and more."
/where-to-buy-baldrick-boards,Where to Buy,page,✅ Success,Baldrick Boards - Professional LED Controller Boards,"Professional LED controller boards for holiday lighting displays. Baldrick8, Baldrick17, BaldrickSwitchy, and more.",/assets/og-default-e8dc057d.jpg,Baldrick Boards - Professional LED Controller Boards,"Professional LED controller boards for holiday lighting displays. Baldrick8, Baldrick17, BaldrickSwitchy, and more.",/assets/og-default-e8dc057d.jpg,Where to Buy Baldrick Boards - Get Your Professional Pixel Controller,"Professional LED controller boards for holiday lighting displays. Baldrick8, Baldrick17, BaldrickSwitchy, and more."
/about,About,about,✅ Success,Baldrick Boards - Professional LED Controller Boards,"Professional LED controller boards for holiday lighting displays. Baldrick8, Baldrick17, BaldrickSwitchy, and more.",/assets/og-default-e8dc057d.jpg,Baldrick Boards - Professional LED Controller Boards,"Professional LED controller boards for holiday lighting displays. Baldrick8, Baldrick17, BaldrickSwitchy, and more.",/assets/og-default-e8dc057d.jpg,About Baldrick - Baldrick Board Documentation,"Professional LED controller boards for holiday lighting displays. Baldrick8, Baldrick17, BaldrickSwitchy, and more."
/boards,Boards Index,boards,✅ Success,Baldrick Boards - Professional LED Controller Boards,"Professional LED controller boards for holiday lighting displays. Baldrick8, Baldrick17, BaldrickSwitchy, and more.",/assets/og-default-e8dc057d.jpg,Baldrick Boards - Professional LED Controller Boards,"Professional LED controller boards for holiday lighting displays. Baldrick8, Baldrick17, BaldrickSwitchy, and more.",/assets/og-default-e8dc057d.jpg,All Boards - Baldrick Board Documentation,"Professional LED controller boards for holiday lighting displays. Baldrick8, Baldrick17, BaldrickSwitchy, and more."
/boards/pixel-controllers,Pixel Controllers,board_category,✅ Success,Baldrick Boards - Professional LED Controller Boards,"Professional LED controller boards for holiday lighting displays. Baldrick8, Baldrick17, BaldrickSwitchy, and more.",/assets/og-default-e8dc057d.jpg,Baldrick Boards - Professional LED Controller Boards,"Professional LED controller boards for holiday lighting displays. Baldrick8, Baldrick17, BaldrickSwitchy, and more.",/assets/og-default-e8dc057d.jpg,Pixel Controllers - Baldrick Board Documentation,"Professional LED controller boards for holiday lighting displays. Baldrick8, Baldrick17, BaldrickSwitchy, and more."
/boards/relay-controllers,Relay Controllers,board_category,✅ Success,Baldrick Boards - Professional LED Controller Boards,"Professional LED controller boards for holiday lighting displays. Baldrick8, Baldrick17, BaldrickSwitchy, and more.",/assets/og-default-e8dc057d.jpg,Baldrick Boards - Professional LED Controller Boards,"Professional LED controller boards for holiday lighting displays. Baldrick8, Baldrick17, BaldrickSwitchy, and more.",/assets/og-default-e8dc057d.jpg,Relay Controllers - Baldrick Board Documentation,"Professional LED controller boards for holiday lighting displays. Baldrick8, Baldrick17, BaldrickSwitchy, and more."
/boards/interactive-controllers,Interactive Controllers,board_category,✅ Success,Baldrick Boards - Professional LED Controller Boards,"Professional LED controller boards for holiday lighting displays. Baldrick8, Baldrick17, BaldrickSwitchy, and more.",/assets/og-default-e8dc057d.jpg,Baldrick Boards - Professional LED Controller Boards,"Professional LED controller boards for holiday lighting displays. Baldrick8, Baldrick17, BaldrickSwitchy, and more.",/assets/og-default-e8dc057d.jpg,Interactive Controllers - Baldrick Board Documentation,"Professional LED controller boards for holiday lighting displays. Baldrick8, Baldrick17, BaldrickSwitchy, and more."
/boards/portable-controllers,Portable Controllers,board_category,✅ Success,Baldrick Boards - Professional LED Controller Boards,"Professional LED controller boards for holiday lighting displays. Baldrick8, Baldrick17, BaldrickSwitchy, and more.",/assets/og-default-e8dc057d.jpg,Baldrick Boards - Professional LED Controller Boards,"Professional LED controller boards for holiday lighting displays. Baldrick8, Baldrick17, BaldrickSwitchy, and more.",/assets/og-default-e8dc057d.jpg,Portable Controllers - Baldrick Board Documentation,"Professional LED controller boards for holiday lighting displays. Baldrick8, Baldrick17, BaldrickSwitchy, and more."
/boards/power-distribution,Power Distribution,board_category,✅ Success,Baldrick Boards - Professional LED Controller Boards,"Professional LED controller boards for holiday lighting displays. Baldrick8, Baldrick17, BaldrickSwitchy, and more.",/assets/og-default-e8dc057d.jpg,Baldrick Boards - Professional LED Controller Boards,"Professional LED controller boards for holiday lighting displays. Baldrick8, Baldrick17, BaldrickSwitchy, and more.",/assets/og-default-e8dc057d.jpg,Power Distribution - Baldrick Board Documentation,"Professional LED controller boards for holiday lighting displays. Baldrick8, Baldrick17, BaldrickSwitchy, and more."
/boards/dmx-controllers,DMX Controllers,board_category,✅ Success,Baldrick Boards - Professional LED Controller Boards,"Professional LED controller boards for holiday lighting displays. Baldrick8, Baldrick17, BaldrickSwitchy, and more.",/assets/og-default-e8dc057d.jpg,Baldrick Boards - Professional LED Controller Boards,"Professional LED controller boards for holiday lighting displays. Baldrick8, Baldrick17, BaldrickSwitchy, and more.",/assets/og-default-e8dc057d.jpg,DMX Controllers - Baldrick Board Documentation,"Professional LED controller boards for holiday lighting displays. Baldrick8, Baldrick17, BaldrickSwitchy, and more."
/boards/baldrick17/buy-this-board,Baldrick17 Buy This Board,board_buy,✅ Success,Baldrick17 - 17-Channel LED Controller Board,Advanced 17-channel LED controller board with enhanced features for complex lighting displays and professional installations.,/assets/og-default-e8dc057d.jpg,Baldrick17 - 17-Channel LED Controller Board,Advanced 17-channel LED controller board with enhanced features for complex lighting displays and professional installations.,/assets/og-default-e8dc057d.jpg,Where to Buy the Baldrick17 - Baldrick Board Documentation,Advanced 17-channel LED controller board with enhanced features for complex lighting displays and professional installations.
/boards/baldrick17/faq,Baldrick17 FAQ,board_faq,✅ Success,Baldrick17 FAQ - Frequently Asked Questions,"Common questions and answers about the Baldrick17 LED controller board, setup, troubleshooting, and features.",/assets/og-default-e8dc057d.jpg,Baldrick17 FAQ - Frequently Asked Questions,"Common questions and answers about the Baldrick17 LED controller board, setup, troubleshooting, and features.",/assets/og-default-e8dc057d.jpg,FAQ - Baldrick17 - Baldrick Board Documentation,"Common questions and answers about the Baldrick17 LED controller board, setup, troubleshooting, and features."
/boards/baldrick17/getting-started,Baldrick17 Getting Started,board_getting_started,✅ Success,Baldrick17 - 17-Channel LED Controller Board,Advanced 17-channel LED controller board with enhanced features for complex lighting displays and professional installations.,/assets/og-default-e8dc057d.jpg,Baldrick17 - 17-Channel LED Controller Board,Advanced 17-channel LED controller board with enhanced features for complex lighting displays and professional installations.,/assets/og-default-e8dc057d.jpg,Baldrick17 Getting Started - Baldrick Board Documentation,Advanced 17-channel LED controller board with enhanced features for complex lighting displays and professional installations.
/boards/baldrick17,Baldrick17 Overview,board,✅ Success,Baldrick17 - 17-Channel LED Controller Board,Advanced 17-channel LED controller board with enhanced features for complex lighting displays and professional installations.,/assets/og-default-e8dc057d.jpg,Baldrick17 - 17-Channel LED Controller Board,Advanced 17-channel LED controller board with enhanced features for complex lighting displays and professional installations.,/assets/og-default-e8dc057d.jpg,Baldrick17 - Baldrick Board Documentation,Advanced 17-channel LED controller board with enhanced features for complex lighting displays and professional installations.
/boards/baldrick17/tech-specs,Baldrick17 Tech Specs,board_tech_specs,✅ Success,Baldrick17 - 17-Channel LED Controller Board,Advanced 17-channel LED controller board with enhanced features for complex lighting displays and professional installations.,/assets/og-default-e8dc057d.jpg,Baldrick17 - 17-Channel LED Controller Board,Advanced 17-channel LED controller board with enhanced features for complex lighting displays and professional installations.,/assets/og-default-e8dc057d.jpg,Baldrick17 Technical Specifications - Baldrick Board Documentation,Advanced 17-channel LED controller board with enhanced features for complex lighting displays and professional installations.
/boards/baldrick17/web-interface,Baldrick17 Web Interface,board_web,✅ Success,Baldrick17 - 17-Channel LED Controller Board,Advanced 17-channel LED controller board with enhanced features for complex lighting displays and professional installations.,/assets/og-default-e8dc057d.jpg,Baldrick17 - 17-Channel LED Controller Board,Advanced 17-channel LED controller board with enhanced features for complex lighting displays and professional installations.,/assets/og-default-e8dc057d.jpg,Baldrick17 Web Interface - Baldrick Board Documentation,Advanced 17-channel LED controller board with enhanced features for complex lighting displays and professional installations.
/boards/baldrick8/buy-this-board,Baldrick8 Buy This Board,board_buy,✅ Success,Baldrick8 - 8-Channel LED Controller Board,"Professional 8-channel LED controller board for holiday lighting displays. Features web interface, xLights integration, and robust construction.",/assets/og-baldrick8-e8dc057d.jpg,Baldrick8 - 8-Channel LED Controller Board,"Professional 8-channel LED controller board for holiday lighting displays. Features web interface, xLights integration, and robust construction.",/assets/og-baldrick8-e8dc057d.jpg,Where to Buy the Baldrick8 - Baldrick Board Documentation,"Professional 8-channel LED controller board for holiday lighting displays. Features web interface, xLights integration, and robust construction."
/boards/baldrick8/faq,Baldrick8 FAQ,board_faq,✅ Success,Baldrick8 FAQ - Frequently Asked Questions,"Common questions and answers about the Baldrick8 LED controller board, setup, troubleshooting, and features.",/assets/og-default-e8dc057d.jpg,Baldrick8 FAQ - Frequently Asked Questions,"Common questions and answers about the Baldrick8 LED controller board, setup, troubleshooting, and features.",/assets/og-default-e8dc057d.jpg,FAQ - Baldrick8 - Baldrick Board Documentation,"Common questions and answers about the Baldrick8 LED controller board, setup, troubleshooting, and features."
/boards/baldrick8/getting-started,Baldrick8 Getting Started,board_getting_started,✅ Success,Baldrick8 - 8-Channel LED Controller Board,"Professional 8-channel LED controller board for holiday lighting displays. Features web interface, xLights integration, and robust construction.",/assets/og-baldrick8-e8dc057d.jpg,Baldrick8 - 8-Channel LED Controller Board,"Professional 8-channel LED controller board for holiday lighting displays. Features web interface, xLights integration, and robust construction.",/assets/og-baldrick8-e8dc057d.jpg,Getting Started - Baldrick8 - Baldrick Board Documentation,"Professional 8-channel LED controller board for holiday lighting displays. Features web interface, xLights integration, and robust construction."
/boards/baldrick8,Baldrick8 Overview,board,✅ Success,Baldrick8 - 8-Channel LED Controller Board,"Professional 8-channel LED controller board for holiday lighting displays. Features web interface, xLights integration, and robust construction.",/assets/og-baldrick8-e8dc057d.jpg,Baldrick8 - 8-Channel LED Controller Board,"Professional 8-channel LED controller board for holiday lighting displays. Features web interface, xLights integration, and robust construction.",/assets/og-baldrick8-e8dc057d.jpg,Baldrick8 - Baldrick Board Documentation,"Professional 8-channel LED controller board for holiday lighting displays. Features web interface, xLights integration, and robust construction."
/boards/baldrick8/tech-specs,Baldrick8 Tech Specs,board_tech_specs,✅ Success,Baldrick8 - 8-Channel LED Controller Board,"Professional 8-channel LED controller board for holiday lighting displays. Features web interface, xLights integration, and robust construction.",/assets/og-baldrick8-e8dc057d.jpg,Baldrick8 - 8-Channel LED Controller Board,"Professional 8-channel LED controller board for holiday lighting displays. Features web interface, xLights integration, and robust construction.",/assets/og-baldrick8-e8dc057d.jpg,Baldrick8 Tech Specs - Baldrick Board Documentation,"Professional 8-channel LED controller board for holiday lighting displays. Features web interface, xLights integration, and robust construction."
/boards/baldrick8/web-interface,Baldrick8 Web Interface,board_web,✅ Success,Baldrick8 - 8-Channel LED Controller Board,"Professional 8-channel LED controller board for holiday lighting displays. Features web interface, xLights integration, and robust construction.",/assets/og-baldrick8-e8dc057d.jpg,Baldrick8 - 8-Channel LED Controller Board,"Professional 8-channel LED controller board for holiday lighting displays. Features web interface, xLights integration, and robust construction.",/assets/og-baldrick8-e8dc057d.jpg,Web Interface - Baldrick8 - Baldrick Board Documentation,"Professional 8-channel LED controller board for holiday lighting displays. Features web interface, xLights integration, and robust construction."
/boards/baldrickbadge/buy-this-board,Baldrickbadge Buy This Board,board_buy,✅ Success,Baldrick Boards - Professional LED Controller Boards,"Professional LED controller boards for holiday lighting displays. Baldrick8, Baldrick17, BaldrickSwitchy, and more.",/assets/og-default-e8dc057d.jpg,Baldrick Boards - Professional LED Controller Boards,"Professional LED controller boards for holiday lighting displays. Baldrick8, Baldrick17, BaldrickSwitchy, and more.",/assets/og-default-e8dc057d.jpg,Buy BaldrickBadge - Baldrick Board Documentation,"Professional LED controller boards for holiday lighting displays. Baldrick8, Baldrick17, BaldrickSwitchy, and more."
/boards/baldrickbadge/faq,Baldrickbadge FAQ,board_faq,✅ Success,Baldrick Boards - Professional LED Controller Boards,"Professional LED controller boards for holiday lighting displays. Baldrick8, Baldrick17, BaldrickSwitchy, and more.",/assets/og-default-e8dc057d.jpg,Baldrick Boards - Professional LED Controller Boards,"Professional LED controller boards for holiday lighting displays. Baldrick8, Baldrick17, BaldrickSwitchy, and more.",/assets/og-default-e8dc057d.jpg,FAQ - BaldrickBadge - Baldrick Board Documentation,"Professional LED controller boards for holiday lighting displays. Baldrick8, Baldrick17, BaldrickSwitchy, and more."
/boards/baldrickbadge/getting-started,Baldrickbadge Getting Started,board_getting_started,✅ Success,Baldrick Boards - Professional LED Controller Boards,"Professional LED controller boards for holiday lighting displays. Baldrick8, Baldrick17, BaldrickSwitchy, and more.",/assets/og-default-e8dc057d.jpg,Baldrick Boards - Professional LED Controller Boards,"Professional LED controller boards for holiday lighting displays. Baldrick8, Baldrick17, BaldrickSwitchy, and more.",/assets/og-default-e8dc057d.jpg,Getting Started - BaldrickBadge - Baldrick Board Documentation,"Professional LED controller boards for holiday lighting displays. Baldrick8, Baldrick17, BaldrickSwitchy, and more."
/boards/baldrickbadge,Baldrickbadge Overview,board,✅ Success,Baldrick Boards - Professional LED Controller Boards,"Professional LED controller boards for holiday lighting displays. Baldrick8, Baldrick17, BaldrickSwitchy, and more.",/assets/og-default-e8dc057d.jpg,Baldrick Boards - Professional LED Controller Boards,"Professional LED controller boards for holiday lighting displays. Baldrick8, Baldrick17, BaldrickSwitchy, and more.",/assets/og-default-e8dc057d.jpg,BaldrickBadge - Baldrick Board Documentation,"Professional LED controller boards for holiday lighting displays. Baldrick8, Baldrick17, BaldrickSwitchy, and more."
/boards/baldrickbadge/tech-specs,Baldrickbadge Tech Specs,board_tech_specs,✅ Success,Baldrick Boards - Professional LED Controller Boards,"Professional LED controller boards for holiday lighting displays. Baldrick8, Baldrick17, BaldrickSwitchy, and more.",/assets/og-default-e8dc057d.jpg,Baldrick Boards - Professional LED Controller Boards,"Professional LED controller boards for holiday lighting displays. Baldrick8, Baldrick17, BaldrickSwitchy, and more.",/assets/og-default-e8dc057d.jpg,BaldrickBadge Tech Specs - Baldrick Board Documentation,"Professional LED controller boards for holiday lighting displays. Baldrick8, Baldrick17, BaldrickSwitchy, and more."
/boards/baldrickdmx/buy-this-board,Baldrickdmx Buy This Board,board_buy,✅ Success,BaldrickDMX - DMX Controller Board,Professional DMX controller board for stage lighting and professional installations. Compatible with industry-standard DMX protocols.,/assets/og-default-e8dc057d.jpg,BaldrickDMX - DMX Controller Board,Professional DMX controller board for stage lighting and professional installations. Compatible with industry-standard DMX protocols.,/assets/og-default-e8dc057d.jpg,Where to Buy the BaldrickDMX - Baldrick Board Documentation,Professional DMX controller board for stage lighting and professional installations. Compatible with industry-standard DMX protocols.
/boards/baldrickdmx/faq,Baldrickdmx FAQ,board_faq,✅ Success,BaldrickDMX FAQ - Frequently Asked Questions,"Common questions and answers about the BaldrickDMX controller board, DMX setup, and troubleshooting.",/assets/og-default-e8dc057d.jpg,BaldrickDMX FAQ - Frequently Asked Questions,"Common questions and answers about the BaldrickDMX controller board, DMX setup, and troubleshooting.",/assets/og-default-e8dc057d.jpg,FAQ - BaldrickDMX - Baldrick Board Documentation,"Common questions and answers about the BaldrickDMX controller board, DMX setup, and troubleshooting."
/boards/baldrickdmx/getting-started,Baldrickdmx Getting Started,board_getting_started,✅ Success,BaldrickDMX - DMX Controller Board,Professional DMX controller board for stage lighting and professional installations. Compatible with industry-standard DMX protocols.,/assets/og-default-e8dc057d.jpg,BaldrickDMX - DMX Controller Board,Professional DMX controller board for stage lighting and professional installations. Compatible with industry-standard DMX protocols.,/assets/og-default-e8dc057d.jpg,Getting Started - BaldrickDMX - Baldrick Board Documentation,Professional DMX controller board for stage lighting and professional installations. Compatible with industry-standard DMX protocols.
/boards/baldrickdmx,Baldrickdmx Overview,board,✅ Success,BaldrickDMX - DMX Controller Board,Professional DMX controller board for stage lighting and professional installations. Compatible with industry-standard DMX protocols.,/assets/og-default-e8dc057d.jpg,BaldrickDMX - DMX Controller Board,Professional DMX controller board for stage lighting and professional installations. Compatible with industry-standard DMX protocols.,/assets/og-default-e8dc057d.jpg,BaldrickDMX - Baldrick Board Documentation,Professional DMX controller board for stage lighting and professional installations. Compatible with industry-standard DMX protocols.
/boards/baldrickdmx/tech-specs,Baldrickdmx Tech Specs,board_tech_specs,✅ Success,BaldrickDMX - DMX Controller Board,Professional DMX controller board for stage lighting and professional installations. Compatible with industry-standard DMX protocols.,/assets/og-default-e8dc057d.jpg,BaldrickDMX - DMX Controller Board,Professional DMX controller board for stage lighting and professional installations. Compatible with industry-standard DMX protocols.,/assets/og-default-e8dc057d.jpg,BaldrickDMX Tech Specs - Baldrick Board Documentation,Professional DMX controller board for stage lighting and professional installations. Compatible with industry-standard DMX protocols.
/boards/baldrickdmx/web-interface,Baldrickdmx Web Interface,board_web,✅ Success,BaldrickDMX - DMX Controller Board,Professional DMX controller board for stage lighting and professional installations. Compatible with industry-standard DMX protocols.,/assets/og-default-e8dc057d.jpg,BaldrickDMX - DMX Controller Board,Professional DMX controller board for stage lighting and professional installations. Compatible with industry-standard DMX protocols.,/assets/og-default-e8dc057d.jpg,BaldrickDMX Web Interface - Baldrick Board Documentation,Professional DMX controller board for stage lighting and professional installations. Compatible with industry-standard DMX protocols.
/boards/baldrickinput1/buy-this-board,Baldrickinput1 Buy This Board,board_buy,✅ Success,BaldrickInput1 - Single Input Controller Board,Compact single input controller board for simple LED strip control and basic lighting applications.,/assets/og-default-e8dc057d.jpg,BaldrickInput1 - Single Input Controller Board,Compact single input controller board for simple LED strip control and basic lighting applications.,/assets/og-default-e8dc057d.jpg,Where to Buy the BaldrickInput1 - Baldrick Board Documentation,Compact single input controller board for simple LED strip control and basic lighting applications.
/boards/baldrickinput1/faq,Baldrickinput1 FAQ,board_faq,✅ Success,BaldrickInput1 FAQ - Frequently Asked Questions,"Common questions and answers about the BaldrickInput1 controller board, setup, and basic usage.",/assets/og-default-e8dc057d.jpg,BaldrickInput1 FAQ - Frequently Asked Questions,"Common questions and answers about the BaldrickInput1 controller board, setup, and basic usage.",/assets/og-default-e8dc057d.jpg,FAQ - BaldrickInput1 - Baldrick Board Documentation,"Common questions and answers about the BaldrickInput1 controller board, setup, and basic usage."
/boards/baldrickinput1/getting-started,Baldrickinput1 Getting Started,board_getting_started,✅ Success,BaldrickInput1 - Single Input Controller Board,Compact single input controller board for simple LED strip control and basic lighting applications.,/assets/og-default-e8dc057d.jpg,BaldrickInput1 - Single Input Controller Board,Compact single input controller board for simple LED strip control and basic lighting applications.,/assets/og-default-e8dc057d.jpg,Getting Started - BaldrickInput1 - Baldrick Board Documentation,Compact single input controller board for simple LED strip control and basic lighting applications.
/boards/baldrickinput1,Baldrickinput1 Overview,board,✅ Success,BaldrickInput1 - Single Input Controller Board,Compact single input controller board for simple LED strip control and basic lighting applications.,/assets/og-default-e8dc057d.jpg,BaldrickInput1 - Single Input Controller Board,Compact single input controller board for simple LED strip control and basic lighting applications.,/assets/og-default-e8dc057d.jpg,BaldrickInput1 - Baldrick Board Documentation,Compact single input controller board for simple LED strip control and basic lighting applications.
/boards/baldrickinput1/tech-specs,Baldrickinput1 Tech Specs,board_tech_specs,✅ Success,BaldrickInput1 - Single Input Controller Board,Compact single input controller board for simple LED strip control and basic lighting applications.,/assets/og-default-e8dc057d.jpg,BaldrickInput1 - Single Input Controller Board,Compact single input controller board for simple LED strip control and basic lighting applications.,/assets/og-default-e8dc057d.jpg,BaldrickInput1 Tech Specs - Baldrick Board Documentation,Compact single input controller board for simple LED strip control and basic lighting applications.
/boards/baldrickinput1/web-interface,Baldrickinput1 Web Interface,board_web,✅ Success,BaldrickInput1 - Single Input Controller Board,Compact single input controller board for simple LED strip control and basic lighting applications.,/assets/og-default-e8dc057d.jpg,BaldrickInput1 - Single Input Controller Board,Compact single input controller board for simple LED strip control and basic lighting applications.,/assets/og-default-e8dc057d.jpg,BaldrickInput1 Web Interface - Baldrick Board Documentation,Compact single input controller board for simple LED strip control and basic lighting applications.
/boards/baldrickinput8/buy-this-board,Baldrickinput8 Buy This Board,board_buy,✅ Success,BaldrickInput8 - 8-Input Controller Board,8-input controller board for multiple LED strips and complex lighting setups with individual channel control.,/assets/og-default-e8dc057d.jpg,BaldrickInput8 - 8-Input Controller Board,8-input controller board for multiple LED strips and complex lighting setups with individual channel control.,/assets/og-default-e8dc057d.jpg,Where to Buy the BaldrickInput8 - Baldrick Board Documentation,8-input controller board for multiple LED strips and complex lighting setups with individual channel control.
/boards/baldrickinput8/faq,Baldrickinput8 FAQ,board_faq,✅ Success,BaldrickInput8 FAQ - Frequently Asked Questions,"Common questions and answers about the BaldrickInput8 controller board, multi-input setup, and configuration.",/assets/og-default-e8dc057d.jpg,BaldrickInput8 FAQ - Frequently Asked Questions,"Common questions and answers about the BaldrickInput8 controller board, multi-input setup, and configuration.",/assets/og-default-e8dc057d.jpg,FAQ - BaldrickInput8 - Baldrick Board Documentation,"Common questions and answers about the BaldrickInput8 controller board, multi-input setup, and configuration."
/boards/baldrickinput8/getting-started,Baldrickinput8 Getting Started,board_getting_started,✅ Success,BaldrickInput8 - 8-Input Controller Board,8-input controller board for multiple LED strips and complex lighting setups with individual channel control.,/assets/og-default-e8dc057d.jpg,BaldrickInput8 - 8-Input Controller Board,8-input controller board for multiple LED strips and complex lighting setups with individual channel control.,/assets/og-default-e8dc057d.jpg,BaldrickInput8 Getting Started - Baldrick Board Documentation,8-input controller board for multiple LED strips and complex lighting setups with individual channel control.
/boards/baldrickinput8,Baldrickinput8 Overview,board,✅ Success,BaldrickInput8 - 8-Input Controller Board,8-input controller board for multiple LED strips and complex lighting setups with individual channel control.,/assets/og-default-e8dc057d.jpg,BaldrickInput8 - 8-Input Controller Board,8-input controller board for multiple LED strips and complex lighting setups with individual channel control.,/assets/og-default-e8dc057d.jpg,BaldrickInput8 - Baldrick Board Documentation,8-input controller board for multiple LED strips and complex lighting setups with individual channel control.
/boards/baldrickinput8/tech-specs,Baldrickinput8 Tech Specs,board_tech_specs,✅ Success,BaldrickInput8 - 8-Input Controller Board,8-input controller board for multiple LED strips and complex lighting setups with individual channel control.,/assets/og-default-e8dc057d.jpg,BaldrickInput8 - 8-Input Controller Board,8-input controller board for multiple LED strips and complex lighting setups with individual channel control.,/assets/og-default-e8dc057d.jpg,BaldrickInput8 Technical Specifications - Baldrick Board Documentation,8-input controller board for multiple LED strips and complex lighting setups with individual channel control.
/boards/baldrickinput8/web-interface,Baldrickinput8 Web Interface,board_web,✅ Success,BaldrickInput8 - 8-Input Controller Board,8-input controller board for multiple LED strips and complex lighting setups with individual channel control.,/assets/og-default-e8dc057d.jpg,BaldrickInput8 - 8-Input Controller Board,8-input controller board for multiple LED strips and complex lighting setups with individual channel control.,/assets/og-default-e8dc057d.jpg,BaldrickInput8 Web Interface - Baldrick Board Documentation,8-input controller board for multiple LED strips and complex lighting setups with individual channel control.
/boards/baldricksignals/buy-this-board,Baldricksignals Buy This Board,board_buy,✅ Success,BaldrickSignals - Signal Processing Board,Advanced signal processing board for audio-reactive lighting and complex signal manipulation in lighting displays.,/assets/og-default-e8dc057d.jpg,BaldrickSignals - Signal Processing Board,Advanced signal processing board for audio-reactive lighting and complex signal manipulation in lighting displays.,/assets/og-default-e8dc057d.jpg,Where to Buy the BaldrickSignals - Baldrick Board Documentation,Advanced signal processing board for audio-reactive lighting and complex signal manipulation in lighting displays.
/boards/baldricksignals/faq,Baldricksignals FAQ,board_faq,✅ Success,BaldrickSignals FAQ - Frequently Asked Questions,"Common questions and answers about the BaldrickSignals board, audio processing, and signal routing.",/assets/og-default-e8dc057d.jpg,BaldrickSignals FAQ - Frequently Asked Questions,"Common questions and answers about the BaldrickSignals board, audio processing, and signal routing.",/assets/og-default-e8dc057d.jpg,FAQ - BaldrickSignals - Baldrick Board Documentation,"Common questions and answers about the BaldrickSignals board, audio processing, and signal routing."
/boards/baldricksignals/getting-started,Baldricksignals Getting Started,board_getting_started,✅ Success,BaldrickSignals - Signal Processing Board,Advanced signal processing board for audio-reactive lighting and complex signal manipulation in lighting displays.,/assets/og-default-e8dc057d.jpg,BaldrickSignals - Signal Processing Board,Advanced signal processing board for audio-reactive lighting and complex signal manipulation in lighting displays.,/assets/og-default-e8dc057d.jpg,BaldrickSignals Getting Started - Baldrick Board Documentation,Advanced signal processing board for audio-reactive lighting and complex signal manipulation in lighting displays.
/boards/baldricksignals,Baldricksignals Overview,board,✅ Success,BaldrickSignals - Signal Processing Board,Advanced signal processing board for audio-reactive lighting and complex signal manipulation in lighting displays.,/assets/og-default-e8dc057d.jpg,BaldrickSignals - Signal Processing Board,Advanced signal processing board for audio-reactive lighting and complex signal manipulation in lighting displays.,/assets/og-default-e8dc057d.jpg,BaldrickSignals - Baldrick Board Documentation,Advanced signal processing board for audio-reactive lighting and complex signal manipulation in lighting displays.
/boards/baldricksignals/tech-specs,Baldricksignals Tech Specs,board_tech_specs,✅ Success,BaldrickSignals - Signal Processing Board,Advanced signal processing board for audio-reactive lighting and complex signal manipulation in lighting displays.,/assets/og-default-e8dc057d.jpg,BaldrickSignals - Signal Processing Board,Advanced signal processing board for audio-reactive lighting and complex signal manipulation in lighting displays.,/assets/og-default-e8dc057d.jpg,BaldrickSignals Tech Specs - Baldrick Board Documentation,Advanced signal processing board for audio-reactive lighting and complex signal manipulation in lighting displays.
/boards/baldricksignals/web-interface,Baldricksignals Web Interface,board_web,✅ Success,BaldrickSignals - Signal Processing Board,Advanced signal processing board for audio-reactive lighting and complex signal manipulation in lighting displays.,/assets/og-default-e8dc057d.jpg,BaldrickSignals - Signal Processing Board,Advanced signal processing board for audio-reactive lighting and complex signal manipulation in lighting displays.,/assets/og-default-e8dc057d.jpg,Web Interface - BaldrickSignals - Baldrick Board Documentation,Advanced signal processing board for audio-reactive lighting and complex signal manipulation in lighting displays.
/boards/baldrickswitchy/buy-this-board,Baldrickswitchy Buy This Board,board_buy,✅ Success,BaldrickSwitchy - Relay Controller Board,"Multi-channel relay controller board for switching high-voltage loads. Perfect for controlling lights, motors, and other electrical devices.",/assets/og-default-e8dc057d.jpg,BaldrickSwitchy - Relay Controller Board,"Multi-channel relay controller board for switching high-voltage loads. Perfect for controlling lights, motors, and other electrical devices.",/assets/og-default-e8dc057d.jpg,Where to Buy the BaldrickSwitchy - Baldrick Board Documentation,"Multi-channel relay controller board for switching high-voltage loads. Perfect for controlling lights, motors, and other electrical devices."
/boards/baldrickswitchy/faq,Baldrickswitchy FAQ,board_faq,✅ Success,BaldrickSwitchy FAQ - Frequently Asked Questions,"Common questions and answers about the BaldrickSwitchy relay controller board, setup, and safety considerations.",/assets/og-default-e8dc057d.jpg,BaldrickSwitchy FAQ - Frequently Asked Questions,"Common questions and answers about the BaldrickSwitchy relay controller board, setup, and safety considerations.",/assets/og-default-e8dc057d.jpg,FAQ - BaldrickSwitchy - Baldrick Board Documentation,"Common questions and answers about the BaldrickSwitchy relay controller board, setup, and safety considerations."
/boards/baldrickswitchy/getting-started,Baldrickswitchy Getting Started,board_getting_started,✅ Success,BaldrickSwitchy - Relay Controller Board,"Multi-channel relay controller board for switching high-voltage loads. Perfect for controlling lights, motors, and other electrical devices.",/assets/og-default-e8dc057d.jpg,BaldrickSwitchy - Relay Controller Board,"Multi-channel relay controller board for switching high-voltage loads. Perfect for controlling lights, motors, and other electrical devices.",/assets/og-default-e8dc057d.jpg,BaldrickSwitchy Getting Started - Baldrick Board Documentation,"Multi-channel relay controller board for switching high-voltage loads. Perfect for controlling lights, motors, and other electrical devices."
/boards/baldrickswitchy,Baldrickswitchy Overview,board,✅ Success,BaldrickSwitchy - Relay Controller Board,"Multi-channel relay controller board for switching high-voltage loads. Perfect for controlling lights, motors, and other electrical devices.",/assets/og-default-e8dc057d.jpg,BaldrickSwitchy - Relay Controller Board,"Multi-channel relay controller board for switching high-voltage loads. Perfect for controlling lights, motors, and other electrical devices.",/assets/og-default-e8dc057d.jpg,BaldrickSwitchy - Baldrick Board Documentation,"Multi-channel relay controller board for switching high-voltage loads. Perfect for controlling lights, motors, and other electrical devices."
/boards/baldrickswitchy/tech-specs,Baldrickswitchy Tech Specs,board_tech_specs,✅ Success,BaldrickSwitchy - Relay Controller Board,"Multi-channel relay controller board for switching high-voltage loads. Perfect for controlling lights, motors, and other electrical devices.",/assets/og-default-e8dc057d.jpg,BaldrickSwitchy - Relay Controller Board,"Multi-channel relay controller board for switching high-voltage loads. Perfect for controlling lights, motors, and other electrical devices.",/assets/og-default-e8dc057d.jpg,BaldrickSwitchy Tech Specs - Baldrick Board Documentation,"Multi-channel relay controller board for switching high-voltage loads. Perfect for controlling lights, motors, and other electrical devices."
/boards/baldrickswitchy/web-interface,Baldrickswitchy Web Interface,board_web,✅ Success,BaldrickSwitchy - Relay Controller Board,"Multi-channel relay controller board for switching high-voltage loads. Perfect for controlling lights, motors, and other electrical devices.",/assets/og-default-e8dc057d.jpg,BaldrickSwitchy - Relay Controller Board,"Multi-channel relay controller board for switching high-voltage loads. Perfect for controlling lights, motors, and other electrical devices.",/assets/og-default-e8dc057d.jpg,Web Interface - BaldrickSwitchy - Baldrick Board Documentation,"Multi-channel relay controller board for switching high-voltage loads. Perfect for controlling lights, motors, and other electrical devices."
/breakthroughs,Breakthroughs Index,breakthroughs,✅ Success,Baldrick Boards - Professional LED Controller Boards,"Professional LED controller boards for holiday lighting displays. Baldrick8, Baldrick17, BaldrickSwitchy, and more.",/assets/og-default-e8dc057d.jpg,Baldrick Boards - Professional LED Controller Boards,"Professional LED controller boards for holiday lighting displays. Baldrick8, Baldrick17, BaldrickSwitchy, and more.",/assets/og-default-e8dc057d.jpg,Baldrick Breakthroughs - Baldrick Board Documentation,"Professional LED controller boards for holiday lighting displays. Baldrick8, Baldrick17, BaldrickSwitchy, and more."
/breakthroughs/turnip-network,Turnip Network,breakthrough,✅ Success,Baldrick Boards - Professional LED Controller Boards,"Professional LED controller boards for holiday lighting displays. Baldrick8, Baldrick17, BaldrickSwitchy, and more.",/assets/og-default-e8dc057d.jpg,Baldrick Boards - Professional LED Controller Boards,"Professional LED controller boards for holiday lighting displays. Baldrick8, Baldrick17, BaldrickSwitchy, and more.",/assets/og-default-e8dc057d.jpg,The Turnip Network - Baldrick Board Integration,"Professional LED controller boards for holiday lighting displays. Baldrick8, Baldrick17, BaldrickSwitchy, and more."
/breakthroughs/kluster,Kluster,breakthrough,✅ Success,Baldrick Boards - Professional LED Controller Boards,"Professional LED controller boards for holiday lighting displays. Baldrick8, Baldrick17, BaldrickSwitchy, and more.",/assets/og-default-e8dc057d.jpg,Baldrick Boards - Professional LED Controller Boards,"Professional LED controller boards for holiday lighting displays. Baldrick8, Baldrick17, BaldrickSwitchy, and more.",/assets/og-default-e8dc057d.jpg,The Kluster - About Baldrick,"Professional LED controller boards for holiday lighting displays. Baldrick8, Baldrick17, BaldrickSwitchy, and more."
/breakthroughs/ce-ukca-certification,CE UKCA Certification,breakthrough,✅ Success,Baldrick Boards - Professional LED Controller Boards,"Professional LED controller boards for holiday lighting displays. Baldrick8, Baldrick17, BaldrickSwitchy, and more.",/assets/og-default-e8dc057d.jpg,Baldrick Boards - Professional LED Controller Boards,"Professional LED controller boards for holiday lighting displays. Baldrick8, Baldrick17, BaldrickSwitchy, and more.",/assets/og-default-e8dc057d.jpg,CE &amp; UKCA Certification - About Baldrick,"Professional LED controller boards for holiday lighting displays. Baldrick8, Baldrick17, BaldrickSwitchy, and more."
/breakthroughs/turniput,Turniput,breakthrough,✅ Success,Baldrick Boards - Professional LED Controller Boards,"Professional LED controller boards for holiday lighting displays. Baldrick8, Baldrick17, BaldrickSwitchy, and more.",/assets/og-default-e8dc057d.jpg,Baldrick Boards - Professional LED Controller Boards,"Professional LED controller boards for holiday lighting displays. Baldrick8, Baldrick17, BaldrickSwitchy, and more.",/assets/og-default-e8dc057d.jpg,Turniput - Baldrick Board Integration Software,"Professional LED controller boards for holiday lighting displays. Baldrick8, Baldrick17, BaldrickSwitchy, and more."
/breakthroughs/hodgical-test-mode,Hodgical Test Mode,breakthrough,✅ Success,Baldrick Boards - Professional LED Controller Boards,"Professional LED controller boards for holiday lighting displays. Baldrick8, Baldrick17, BaldrickSwitchy, and more.",/assets/og-default-e8dc057d.jpg,Baldrick Boards - Professional LED Controller Boards,"Professional LED controller boards for holiday lighting displays. Baldrick8, Baldrick17, BaldrickSwitchy, and more.",/assets/og-default-e8dc057d.jpg,Hodgical Test Mode - Baldrick8 Debugging Feature,"Professional LED controller boards for holiday lighting displays. Baldrick8, Baldrick17, BaldrickSwitchy, and more."
/breakthroughs/cunningfx,CunningFX,breakthrough,✅ Success,Baldrick Boards - Professional LED Controller Boards,"Professional LED controller boards for holiday lighting displays. Baldrick8, Baldrick17, BaldrickSwitchy, and more.",/assets/og-default-e8dc057d.jpg,Baldrick Boards - Professional LED Controller Boards,"Professional LED controller boards for holiday lighting displays. Baldrick8, Baldrick17, BaldrickSwitchy, and more.",/assets/og-default-e8dc057d.jpg,CunningFX - Baldrick8 Web Interface Feature,"Professional LED controller boards for holiday lighting displays. Baldrick8, Baldrick17, BaldrickSwitchy, and more."
/fun-stuff,Fun Stuff Index,fun_stuff,✅ Success,Baldrick Boards - Professional LED Controller Boards,"Professional LED controller boards for holiday lighting displays. Baldrick8, Baldrick17, BaldrickSwitchy, and more.",/assets/og-default-e8dc057d.jpg,Baldrick Boards - Professional LED Controller Boards,"Professional LED controller boards for holiday lighting displays. Baldrick8, Baldrick17, BaldrickSwitchy, and more.",/assets/og-default-e8dc057d.jpg,Fun Stuff - Baldrick Board Documentation,"Professional LED controller boards for holiday lighting displays. Baldrick8, Baldrick17, BaldrickSwitchy, and more."
/fun-stuff/release-notes,Release Notes,fun_stuff,✅ Success,Baldrick Boards - Professional LED Controller Boards,"Professional LED controller boards for holiday lighting displays. Baldrick8, Baldrick17, BaldrickSwitchy, and more.",/assets/og-default-e8dc057d.jpg,Baldrick Boards - Professional LED Controller Boards,"Professional LED controller boards for holiday lighting displays. Baldrick8, Baldrick17, BaldrickSwitchy, and more.",/assets/og-default-e8dc057d.jpg,Release Notes - Fun Stuff,"Professional LED controller boards for holiday lighting displays. Baldrick8, Baldrick17, BaldrickSwitchy, and more."
/fun-stuff/stls-and-mounts,STLs and Mounts,fun_stuff,✅ Success,Baldrick Boards - Professional LED Controller Boards,"Professional LED controller boards for holiday lighting displays. Baldrick8, Baldrick17, BaldrickSwitchy, and more.",/assets/og-default-e8dc057d.jpg,Baldrick Boards - Professional LED Controller Boards,"Professional LED controller boards for holiday lighting displays. Baldrick8, Baldrick17, BaldrickSwitchy, and more.",/assets/og-default-e8dc057d.jpg,STLs &amp; Mounts - Fun Stuff,"Professional LED controller boards for holiday lighting displays. Baldrick8, Baldrick17, BaldrickSwitchy, and more."
/fun-stuff/board-dimensions,Board Dimensions,fun_stuff,✅ Success,Baldrick Boards - Professional LED Controller Boards,"Professional LED controller boards for holiday lighting displays. Baldrick8, Baldrick17, BaldrickSwitchy, and more.",/assets/og-default-e8dc057d.jpg,Baldrick Boards - Professional LED Controller Boards,"Professional LED controller boards for holiday lighting displays. Baldrick8, Baldrick17, BaldrickSwitchy, and more.",/assets/og-default-e8dc057d.jpg,Board Dimensions - Fun Stuff,"Professional LED controller boards for holiday lighting displays. Baldrick8, Baldrick17, BaldrickSwitchy, and more."
/fun-stuff/faq,Fun Stuff FAQ,fun_stuff,✅ Success,Baldrick Boards - Professional LED Controller Boards,"Professional LED controller boards for holiday lighting displays. Baldrick8, Baldrick17, BaldrickSwitchy, and more.",/assets/og-default-e8dc057d.jpg,Baldrick Boards - Professional LED Controller Boards,"Professional LED controller boards for holiday lighting displays. Baldrick8, Baldrick17, BaldrickSwitchy, and more.",/assets/og-default-e8dc057d.jpg,FAQ - Fun Stuff,"Professional LED controller boards for holiday lighting displays. Baldrick8, Baldrick17, BaldrickSwitchy, and more."
/fun-stuff/problem-solver,Problem Solver,fun_stuff,✅ Success,Baldrick Boards - Professional LED Controller Boards,"Professional LED controller boards for holiday lighting displays. Baldrick8, Baldrick17, BaldrickSwitchy, and more.",/assets/og-default-e8dc057d.jpg,Baldrick Boards - Professional LED Controller Boards,"Professional LED controller boards for holiday lighting displays. Baldrick8, Baldrick17, BaldrickSwitchy, and more.",/assets/og-default-e8dc057d.jpg,Baldrick Board Documentation,"Professional LED controller boards for holiday lighting displays. Baldrick8, Baldrick17, BaldrickSwitchy, and more."
/fun-stuff/panic-mode,Panic Mode,fun_stuff,✅ Success,Baldrick Boards - Professional LED Controller Boards,"Professional LED controller boards for holiday lighting displays. Baldrick8, Baldrick17, BaldrickSwitchy, and more.",/assets/og-default-e8dc057d.jpg,Baldrick Boards - Professional LED Controller Boards,"Professional LED controller boards for holiday lighting displays. Baldrick8, Baldrick17, BaldrickSwitchy, and more.",/assets/og-default-e8dc057d.jpg,Panic Mode?,"Professional LED controller boards for holiday lighting displays. Baldrick8, Baldrick17, BaldrickSwitchy, and more."
/fun-stuff/testimonials,Testimonials,fun_stuff,✅ Success,Baldrick Boards - Professional LED Controller Boards,"Professional LED controller boards for holiday lighting displays. Baldrick8, Baldrick17, BaldrickSwitchy, and more.",/assets/og-default-e8dc057d.jpg,Baldrick Boards - Professional LED Controller Boards,"Professional LED controller boards for holiday lighting displays. Baldrick8, Baldrick17, BaldrickSwitchy, and more.",/assets/og-default-e8dc057d.jpg,Testimonials - Baldrick Boards,"Professional LED controller boards for holiday lighting displays. Baldrick8, Baldrick17, BaldrickSwitchy, and more."
/fun-stuff/customer-showcase,Customer Showcase,fun_stuff,✅ Success,Baldrick Boards - Professional LED Controller Boards,"Professional LED controller boards for holiday lighting displays. Baldrick8, Baldrick17, BaldrickSwitchy, and more.",/assets/og-default-e8dc057d.jpg,Baldrick Boards - Professional LED Controller Boards,"Professional LED controller boards for holiday lighting displays. Baldrick8, Baldrick17, BaldrickSwitchy, and more.",/assets/og-default-e8dc057d.jpg,Customer Showcase - Baldrick Board Documentation,"Professional LED controller boards for holiday lighting displays. Baldrick8, Baldrick17, BaldrickSwitchy, and more."
/support,Support,support,✅ Success,Support - Baldrick Boards,Get help with your Baldrick Board. Contact our support team for technical assistance and troubleshooting.,/assets/og-default-e8dc057d.jpg,Support - Baldrick Boards,Get help with your Baldrick Board. Contact our support team for technical assistance and troubleshooting.,/assets/og-default-e8dc057d.jpg,Hardware Support - Get Help with Your Baldrick Board,Get help with your Baldrick Board. Contact our support team for technical assistance and troubleshooting.
/support/software,Software Support,support,✅ Success,Support - Baldrick Boards,Get help with your Baldrick Board. Contact our support team for technical assistance and troubleshooting.,/assets/og-default-e8dc057d.jpg,Support - Baldrick Boards,Get help with your Baldrick Board. Contact our support team for technical assistance and troubleshooting.,/assets/og-default-e8dc057d.jpg,Software Support - Community-Based Help for Baldrick Boards,Get help with your Baldrick Board. Contact our support team for technical assistance and troubleshooting.
/support/asking-for-help,Asking for Help,support,✅ Success,Support - Baldrick Boards,Get help with your Baldrick Board. Contact our support team for technical assistance and troubleshooting.,/assets/og-default-e8dc057d.jpg,Support - Baldrick Boards,Get help with your Baldrick Board. Contact our support team for technical assistance and troubleshooting.,/assets/og-default-e8dc057d.jpg,Asking for Help Checklist - Get Better Support for Baldrick Boards,Get help with your Baldrick Board. Contact our support team for technical assistance and troubleshooting.
